Albert Mohler,http://www.albertmohler.com/the-briefing,http://wzxv.org/wp-content/uploads/2016/08/R-Albert-Mohler_HighResPhoto.jpg
Alistair Begg,http://www.truthforlife.org/,http://wzxv.org/wp-content/uploads/2016/08/Alistair-Begg-Truth-For-LIfe.jpg
Bil Gallatin,http://www.ccfingerlakes.org/,http://wzxv.org/wp-content/uploads/2016/08/Bil-Gallatin-Walk-in-the-Light.jpg
Chuck Smith,http://www.thewordfortoday.org/,http://wzxv.org/wp-content/uploads/2016/08/Chuck-Smith-The-Word-For-Today.jpg
Dave Tomasso,http://www.ccwestside.com/,http://wzxv.org/wp-content/uploads/2016/08/David-Tomasso-Lost-and-Found.jpg
Doug Mclean,http://www.ccdeltapa.com/,http://wzxv.org/wp-content/uploads/2018/07/Doug-McClean.jpg
Dr. Adrian Rogers,http://www.lwf.org/,http://wzxv.org/wp-content/uploads/2016/08/Dr.-Adrian-Rogers.jpg
Ed Taylor,http://www.calvaryaurora.org/,http://wzxv.org/wp-content/uploads/2018/08/Ed-Taylor-Abounding-Grace.jpg
Family Life,http://www.familylife.com/,http://wzxv.org/wp-content/uploads/2016/08/Family-Life-Today-Dennis-Rainey.jpg
Geoff Brede,http://www.calvaryrochester.com/,http://wzxv.org/wp-content/uploads/2018/08/Geoff-Brede-Bread-of-Life.jpg
Greg Laurie,http://www.harvest.org/radio,http://wzxv.org/wp-content/uploads/2015/05/Greg-Laurie-A-New-Beginning.jpg
ICR,http://www.icr.org/,http://wzxv.org/wp-content/uploads/2016/08/Scienc-scripture-and-salvation.jpg
Jeff Johnson,http://www.sounddoctrineradio.org/,http://wzxv.org/wp-content/uploads/2016/08/jeff-johnson.jpg
Joe Focht,http://www.ccphilly.org/,http://wzxv.org/wp-content/uploads/2016/08/Joe-Focht-Straight-From-The-Heart.jpg
John Randall,http://www.adailywalk.org/,http://wzxv.org/wp-content/uploads/2016/08/John-Randall-for-web.jpg
John Tierney,http://www.livingwatersny.org/,http://wzxv.org/wp-content/uploads/2016/08/Living-In-Christ.jpg
Lloyd Pulley,http://www.ccob.org/,http://wzxv.org/wp-content/uploads/2018/08/Lloyd-Pulley-Bridging-the-Gap.jpg
Micah Chappell,http://www.ccgreece.com/,http://wzxv.org/wp-content/uploads/2016/08/Micah-Chappel-Faith-Comes-By-Hearing.jpg
Mike MacIntosh,http://www.horizonsd.org/,http://wzxv.org/wp-content/uploads/2016/08/Mike-MacIntosh-Chapter-and-Verse-for-web.jpg
Raul Ries,http://www.somebodylovesyou.org/,http://wzxv.org/wp-content/uploads/2016/08/Raul-Ries-Somebody-Loves-You.jpg
Ravi Zacharias,http://www.rzim.org/,http://wzxv.org/wp-content/uploads/2016/08/Ravi-Zacharias-Just-Thinking-Let-My-People-Think.jpg
Ray Tomkins,http://www.ccwebster.com/,http://wzxv.org/wp-content/uploads/2016/08/Ray-Tomkins-Sound-Words.jpg
Ray Viola,http://www.koinoniafellowship.com/,http://wzxv.org/wp-content/uploads/2016/08/Ray-Viola-Selah.jpg
Razz Vazquez,http://www.calvarymiami.com/,http://wzxv.org/wp-content/uploads/2015/05/Razz-Vazquez-A-Loving-Word.jpg
Rob West,https://moneywise.org/,https://media.licdn.com/dms/image/C4D03AQE-dXK9d5Gaww/profile-displayphoto-shrink_200_200/0?e=1551916800&v=beta&t=xMbq7JFmGJav5HDkN7IT-W5cvTAVMxIyNfLDmp224Pg
Scott Gallatin,http://www.ccfingerlakes.org/,http://wzxv.org/wp-content/uploads/2016/08/Scott-Gallatin-Stay-the-Course.jpg
Skip Heitzig,http://www.connectiononline.org/,http://wzxv.org/wp-content/uploads/2016/08/Skip-Heitzig-Calvary-Connection.jpg